RH Level,Unit,Part,Unit Name,Language Skill,Thinking Map Skill,Reading Skill,Grammar Skill,Project,Phonics Skill,Genres,Vocabulary Words,Related Words
3,1,1,Happy to Help (Social Studies) ,Retell a Story,Plot,Preview and Predict,Complete Sentences,Write a Personal Narrative,Compound Words,"Realistic Fiction, Poem","action, difference, gift, problem, receive, solution, kindness, need, understand, value, want","receive, action, gift, need, problem, want, kindness, understand, difference, solution, value, improve, individual, neighborhood, offer, volunteer, benefit, duty, identify, impact, learn, amount, behavior, decrease, increase, supply, balance, control, interact, react, scarce, drought, ecosystem, food chain, level, river, competition, nature, negative, positive, resources, blossom, cycle, root, seed, soil, sprout, characteristic, conditions, depend, growth, produce, city, desert, rainforest, vine, weed, diversity, environment, organism, protect, unique, advertisement, buyer, market, money, pay, seller, accomplish, cooperation, plenty, purpose, reward, agriculture, crop, farmer, field, harvest, plow, alternative, conservation, future, method, sustain, form, freeze, liquid, melt, solid, temperature, thermometer, alter, occur, state, substance, trap, ground, mixture, sand, water"
3,1,2,Happy to Help (Social Studies) ,Make Comparisons,Make Comparisons,Monitor and Clarify,Subjects and Predicates,Oral Report,Syllable Division,"Autobiography, Biography","improve, individual, neighborhood, offer, volunteer, benefit, duty, identify, impact, learn","offer, identify, improve, neighborhood, individual, duty, volunteer, benefit, learn, impact, action, difference, gift, problem, receive, solution, kindness, need, understand, value, want, amount, behavior, decrease, increase, supply, balance, control, interact, react, scarce, drought, ecosystem, food chain, level, river, competition, nature, negative, positive, resources, blossom, cycle, root, seed, soil, sprout, characteristic, conditions, depend, growth, produce, city, desert, rainforest, vine, weed, diversity, environment, organism, protect, unique, advertisement, buyer, market, money, pay, seller, accomplish, cooperation, plenty, purpose, reward, agriculture, crop, farmer, field, harvest, plow, alternative, conservation, future, method, sustain, form, freeze, liquid, melt, solid, temperature, thermometer, alter, occur, state, substance, trap, ground, mixture, sand, water"
3,2,1,Natures Balance (Science) ,Ask and Answer Questions,Compare and Contrast,Ask Questions,Kinds of Sentences,Write a Summary,Vowel Sounds and Spellings: u_e,"Humorous Story, Riddle","amount, behavior, decrease, increase, supply, balance, control, interact, react, scarce","supply, increase, amount, scarce, react, behavior, control, decrease, balance, interact, action, difference, gift, problem, receive, solution, kindness, need, understand, value, want, improve, individual, neighborhood, offer, volunteer, benefit, duty, identify, impact, learn, drought, ecosystem, food chain, level, river, competition, nature, negative, positive, resources, blossom, cycle, root, seed, soil, sprout, characteristic, conditions, depend, growth, produce, city, desert, rainforest, vine, weed, diversity, environment, organism, protect, unique, advertisement, buyer, market, money, pay, seller, accomplish, cooperation, plenty, purpose, reward, agriculture, crop, farmer, field, harvest, plow, alternative, conservation, future, method, sustain, form, freeze, liquid, melt, solid, temperature, thermometer, alter, occur, state, substance, trap, ground, mixture, sand, water"
3,2,2,Natures Balance (Science) ,Give and Carry Out Commands,Cause and Effect,Ask Questions,Compound Sentences,Narrative Presentation,Vowel Sounds and Spellings: oo,"Science Article, Human Interest Feature","drought, ecosystem, food chain, level, river, competition, nature, negative, positive, resources","negative, river, nature, level, ecosystem, drought, positive, competition, food, resources, chain, action, difference, gift, problem, receive, solution, kindness, need, understand, value, want, improve, individual, neighborhood, offer, volunteer, benefit, duty, identify, impact, learn, amount, behavior, decrease, increase, supply, balance, control, interact, react, scarce, food chain, blossom, cycle, root, seed, soil, sprout, characteristic, conditions, depend, growth, produce, city, desert, rainforest, vine, weed, diversity, environment, organism, protect, unique, advertisement, buyer, market, money, pay, seller, accomplish, cooperation, plenty, purpose, reward, agriculture, crop, farmer, field, harvest, plow, alternative, conservation, future, method, sustain, form, freeze, liquid, melt, solid, temperature, thermometer, alter, occur, state, substance, trap, ground, mixture"
3,3,1,Life in the Soil (Science) ,Give Information,Sequence,Make Inferences,Plural Nouns,Write an Article,Two- and Three-Letter Blends,"Realistic Fiction, Haiku","blossom, cycle, root, seed, soil, sprout, characteristic, conditions, depend, growth, produce","soil, sprout, growth, blossom, root, depend, seed, produce, cycle, characteristic, conditions, action, difference, gift, problem, receive, solution, kindness, need, understand, value, want, improve, individual, neighborhood, offer, volunteer, benefit, duty, identify, impact, learn, amount, behavior, decrease, increase, supply, balance, control, interact, react, scarce, drought, ecosystem, food chain, level, river, competition, nature, negative, positive, resources, city, desert, rainforest, vine, weed, diversity, environment, organism, protect, unique, advertisement, buyer, market, money, pay, seller, accomplish, cooperation, plenty, purpose, reward, agriculture, crop, farmer, field, harvest, plow, alternative, conservation, future, method, sustain, form, freeze, liquid, melt, solid, temperature, thermometer, alter, occur, state, substance, trap, ground, mixture, sand, water"
3,3,2,Life in the Soil (Science) ,Define and Explain,Main Idea and Details,Make Inferences,Plural Nouns,News Report,"Plurals: -s, Plurals: -es, Plurals: -ies","Nonfiction, Science Article, Blog","city, desert, rainforest, vine, weed, diversity, environment, organism, protect, unique","organism, desert, unique, weed, city, vine, rainforest, diversity, protect, environment, action, difference, gift, problem, receive, solution, kindness, need, understand, value, want, improve, individual, neighborhood, offer, volunteer, benefit, duty, identify, impact, learn, amount, behavior, decrease, increase, supply, balance, control, interact, react, scarce, drought, ecosystem, food chain, level, river, competition, nature, negative, positive, resources, blossom, cycle, root, seed, soil, sprout, characteristic, conditions, depend, growth, produce, advertisement, buyer, market, money, pay, seller, accomplish, cooperation, plenty, purpose, reward, agriculture, crop, farmer, field, harvest, plow, alternative, conservation, future, method, sustain, form, freeze, liquid, melt, solid, temperature, thermometer, alter, occur, state, substance, trap, ground, mixture, sand, water"
3,4,1,Lets Work Together (Social Studies) ,"Express Needs, Wants, and Feelings",Theme,Determine Importance,"Present-Tense Verbs, Action Verbs",Write a Persuasive Essay,Syllable Division,Realistic Fiction,"advertisement, buyer, market, money, pay, seller, accomplish, cooperation, plenty, purpose, reward","plenty, market, pay, cooperation, seller, money, buyer, advertisement, accomplish, purpose, reward, action, difference, gift, problem, receive, solution, kindness, need, understand, value, want, improve, individual, neighborhood, offer, volunteer, benefit, duty, identify, impact, learn, amount, behavior, decrease, increase, supply, balance, control, interact, react, scarce, drought, ecosystem, food chain, level, river, competition, nature, negative, positive, resources, blossom, cycle, root, seed, soil, sprout, characteristic, conditions, depend, growth, produce, city, desert, rainforest, vine, weed, diversity, environment, organism, protect, unique, agriculture, crop, farmer, field, harvest, plow, alternative, conservation, future, method, sustain, form, freeze, liquid, melt, solid, temperature, thermometer, alter, occur, state, substance, trap, ground, mixture, sand, water"
3,4,2,Lets Work Together (Social Studies) ,Persuade,Opinion and Evidence,Summarize,"Forms of the verb ""be"", Forms of the verb ""have""",Persuasive Presentation,"Vowel Sounds and Spellings: al, aw, au","Persuasive Article, Fable","agriculture, crop, farmer, field, harvest, plow, alternative, conservation, future, method, sustain","method, farmer, alternative, crop, agriculture, harvest, future, plow, field, sustain, conservation, action, difference, gift, problem, receive, solution, kindness, need, understand, value, want, improve, individual, neighborhood, offer, volunteer, benefit, duty, identify, impact, learn, amount, behavior, decrease, increase, supply, balance, control, interact, react, scarce, drought, ecosystem, food chain, level, river, competition, nature, negative, positive, resources, blossom, cycle, root, seed, soil, sprout, characteristic, conditions, depend, growth, produce, city, desert, rainforest, vine, weed, diversity, environment, organism, protect, unique, advertisement, buyer, market, money, pay, seller, accomplish, cooperation, plenty, purpose, reward, form, freeze, liquid, melt, solid, temperature, thermometer, alter, occur, state, substance, trap, ground, mixture, sand, water"
3,5,1,Mysteries of Matter (Science) ,Describe Actions,Character and Plot,Make Connections,Adjectives and Articles,Write a Literary Response,"Endings: -ed, Endings: -ing","Play, E-mail, Web-based News Article","form, freeze, liquid, melt, solid, temperature, thermometer, alter, occur, state, substance, trap","melt, freeze, occur, temperature, trap, liquid, substance, alter, state, thermometer, form, solid, action, difference, gift, problem, receive, solution, kindness, need, understand, value, want, improve, individual, neighborhood, offer, volunteer, benefit, duty, identify, impact, learn, amount, behavior, decrease, increase, supply, balance, control, interact, react, scarce, drought, ecosystem, food chain, level, river, competition, nature, negative, positive, resources, blossom, cycle, root, seed, soil, sprout, characteristic, conditions, depend, growth, produce, city, desert, rainforest, vine, weed, diversity, environment, organism, protect, unique, advertisement, buyer, market, money, pay, seller, accomplish, cooperation, plenty, purpose, reward, agriculture, crop, farmer, field, harvest, plow, alternative, conservation, future, method, sustain, ground, mixture, sand, water"
3,5,2,Mysteries of Matter (Science) ,Describe Places,Cause and Effect,Make Connections,"Possessive Nouns, Posessive Adjectives",Interview,"Prefixes: in-, Prefixes: im-","Science Article, Interview","ground, mixture, sand, water, wetland, area, combine, composition, firm, surface","firm, wetland, area, combine, mixture, sand, ground, surface, water, composition, action, difference, gift, problem, receive, solution, kindness, need, understand, value, want, improve, individual, neighborhood, offer, volunteer, benefit, duty, identify, impact, learn, amount, behavior, decrease, increase, supply, balance, control, interact, react, scarce, drought, ecosystem, food chain, level, river, competition, nature, negative, positive, resources, blossom, cycle, root, seed, soil, sprout, characteristic, conditions, depend, growth, produce, city, desert, rainforest, vine, weed, diversity, environment, organism, protect, unique, advertisement, buyer, market, money, pay, seller, accomplish, cooperation, plenty, purpose, reward, agriculture, crop, farmer, field, harvest, plow, alternative, conservation, future, method, sustain, form, freeze, liquid, melt, solid, temperature"
3,6,1,From Past to Present (Social Studies) ,Ask for and Give Information,Classify Details,Visualize,Pronoun Agreement,"Recite the Song, Write an Interview","Prefixes: un-, Prefixes: re-","Song Lyrics, Biography","heritage, music, region, rhythm, vary, express, feelings, perform, popular, style","feelings, popular, rhythm, music, vary, style, perform, heritage, express, region, action, difference, gift, problem, receive, solution, kindness, need, understand, value, want, improve, individual, neighborhood, offer, volunteer, benefit, duty, identify, impact, learn, amount, behavior, decrease, increase, supply, balance, control, interact, react, scarce, drought, ecosystem, food chain, level, river, competition, nature, negative, positive, resources, blossom, cycle, root, seed, soil, sprout, characteristic, conditions, depend, growth, produce, city, desert, rainforest, vine, weed, diversity, environment, organism, protect, unique, advertisement, buyer, market, money, pay, seller, accomplish, cooperation, plenty, purpose, reward, agriculture, crop, farmer, field, harvest, plow, alternative, conservation, future, method, sustain, form, freeze, liquid, melt, solid, temperature"
3,6,2,From Past to Present (Social Studies) ,Give and Follow Instructions,Steps in a Process,Visualize,Pronoun Agreement,Instructions,"Prefixes: mis-, Prefixes: dis-","Descriptive Article, Profile, Folk Tale","artist, carve, storyteller, tale, tradition, wood, communicate, generation, preservation, process, represent","wood, process, generation, carve, artist, storyteller, communicate, tale, represent, tradition, preservation, action, difference, gift, problem, receive, solution, kindness, need, understand, value, want, improve, individual, neighborhood, offer, volunteer, benefit, duty, identify, impact, learn, amount, behavior, decrease, increase, supply, balance, control, interact, react, scarce, drought, ecosystem, food chain, level, river, competition, nature, negative, positive, resources, blossom, cycle, root, seed, soil, sprout, characteristic, conditions, depend, growth, produce, city, desert, rainforest, vine, weed, diversity, environment, organism, protect, unique, advertisement, buyer, market, money, pay, seller, accomplish, cooperation, plenty, purpose, reward, agriculture, crop, farmer, field, harvest, plow, alternative, conservation, future, method, sustain, form, freeze, liquid, melt, solid"
3,7,1,Blast! Crash! Splash! (Science) ,Tell an Original Story,Imagery,Draw Conclusions,Adverbs,Informational Presentation,"Suffixes: -sion, -tion, and -ous","Narrative Poem, Photo Essay","erupt, flow, island, lava, magma, ocean, rock, volcano, core, create, develop, force, pressure","rock, magma, core, develop, island, pressure, lava, erupt, volcano, flow, create, force, ocean, action, difference, gift, problem, receive, solution, kindness, need, understand, value, want, improve, individual, neighborhood, offer, volunteer, benefit, duty, identify, impact, learn, amount, behavior, decrease, increase, supply, balance, control, interact, react, scarce, drought, ecosystem, food chain, level, river, competition, nature, negative, positive, resources, blossom, cycle, root, seed, soil, sprout, characteristic, conditions, depend, growth, produce, city, desert, rainforest, vine, weed, diversity, environment, organism, protect, unique, advertisement, buyer, market, money, pay, seller, accomplish, cooperation, plenty, purpose, reward, agriculture, crop, farmer, field, harvest, plow, alternative, conservation, future, method, sustain, form, freeze, liquid"
3,7,2,Blast! Crash! Splash! (Science) ,Express Opinions and Ideas,Cause and Effect,Form Generalizations,Prepositional Phrases,Write a Research Report,"Syllable Pattern: Consonant + -le, -al, -el","Historical Fiction, Online Article","earthquake, plate, shore, tsunami, wave, power, rescue, sense, signal, warn","plate, warn, earthquake, tsunami, sense, rescue, signal, shore, wave, power, action, difference, gift, problem, receive, solution, kindness, need, understand, value, want, improve, individual, neighborhood, offer, volunteer, benefit, duty, identify, impact, learn, amount, behavior, decrease, increase, supply, balance, control, interact, react, scarce, drought, ecosystem, food chain, level, river, competition, nature, negative, positive, resources, blossom, cycle, root, seed, soil, sprout, characteristic, conditions, depend, growth, produce, city, desert, rainforest, vine, weed, diversity, environment, organism, protect, unique, advertisement, buyer, market, money, pay, seller, accomplish, cooperation, plenty, purpose, reward, agriculture, crop, farmer, field, harvest, plow, alternative, conservation, future, method, sustain, form, freeze, liquid, melt, solid, temperature"
3,8,1,Getting There (Math and Social Studies) ,Ask for and Give Advice,Goal and Outcome,Review,Past Tense,Write a Story,"Suffixes: -ant, -ent","Realistic Fiction, Myth, Folk Tale","distance, feet, kilometer, measurement, meter, unit, achieve, direction, estimate, goal, strategy","unit, achieve, measurement, goal, kilometer, meter, direction, feet, strategy, estimate, distance, action, difference, gift, problem, receive, solution, kindness, need, understand, value, want, improve, individual, neighborhood, offer, volunteer, benefit, duty, identify, impact, learn, amount, behavior, decrease, increase, supply, balance, control, interact, react, scarce, drought, ecosystem, food chain, level, river, competition, nature, negative, positive, resources, blossom, cycle, root, seed, soil, sprout, characteristic, conditions, depend, growth, produce, city, desert, rainforest, vine, weed, diversity, environment, organism, protect, unique, advertisement, buyer, market, money, pay, seller, accomplish, cooperation, plenty, purpose, reward, agriculture, crop, farmer, field, harvest, plow, alternative, conservation, future, method, sustain, form, freeze, liquid, melt, solid"
3,8,2,Getting There (Math and Social Studies) ,Express Intentions,Main Ideas and Details,Review,Future Tense,Panel Discussion,Words with More Than One Syllable,"Human Interest Feature, Profile","continent, destination, globe, journey, location, challenge, discover, endurance, explore, prepare","discover, location, endurance, journey, destination, prepare, explore, challenge, globe, continent, action, difference, gift, problem, receive, solution, kindness, need, understand, value, want, improve, individual, neighborhood, offer, volunteer, benefit, duty, identify, impact, learn, amount, behavior, decrease, increase, supply, balance, control, interact, react, scarce, drought, ecosystem, food chain, level, river, competition, nature, negative, positive, resources, blossom, cycle, root, seed, soil, sprout, characteristic, conditions, depend, growth, produce, city, desert, rainforest, vine, weed, diversity, environment, organism, protect, unique, advertisement, buyer, market, money, pay, seller, accomplish, cooperation, plenty, purpose, reward, agriculture, crop, farmer, field, harvest, plow, alternative, conservation, future, method, sustain, form, freeze, liquid, melt, solid, temperature"
4,1,1,Living Traditions (Social Studies) ,Express Feelings,Main Idea and Details,Plan and Monitor,Complete Sentences,Write an Interview,,"Interview, Biography","craft, musical, perform, pottery, tradition, weave, create, culture, express, medium, style","medium, weave, craft, pottery, musical, perform, style, express, culture, tradition, create, action, difference, gift, problem, receive, solution, kindness, need, understand, value, want, improve, individual, neighborhood, offer, volunteer, benefit, duty, identify, impact, learn, amount, behavior, decrease, increase, supply, balance, control, interact, react, scarce, drought, ecosystem, food chain, level, river, competition, nature, negative, positive, resources, blossom, cycle, root, seed, soil, sprout, characteristic, conditions, depend, growth, produce, city, desert, rainforest, vine, weed, diversity, environment, organism, protect, unique, advertisement, buyer, market, money, pay, seller, accomplish, cooperation, plenty, purpose, reward, agriculture, crop, farmer, field, harvest, plow, alternative, conservation, future, method, sustain, form, freeze, liquid, melt, solid"
4,1,2,Living Traditions (Social Studies) ,Ask for and Give Information,Plot,Monitor and Clarify,Subject-Verb Agreement,Write an Interview,,"Folk Tale, Magazine Article","ancestor, ceremony, marriage, occasion, ritual, belief, custom, influence, relationship, role","marriage, ritual, ceremony, role, influence, relationship, occasion, belief, custom, ancestor, action, difference, gift, problem, receive, solution, kindness, need, understand, value, want, improve, individual, neighborhood, offer, volunteer, benefit, duty, identify, impact, learn, amount, behavior, decrease, increase, supply, balance, control, interact, react, scarce, drought, ecosystem, food chain, level, river, competition, nature, negative, positive, resources, blossom, cycle, root, seed, soil, sprout, characteristic, conditions, depend, growth, produce, city, desert, rainforest, vine, weed, diversity, environment, organism, protect, unique, advertisement, buyer, market, money, pay, seller, accomplish, cooperation, plenty, purpose, reward, agriculture, crop, farmer, field, harvest, plow, alternative, conservation, future, method, sustain, form, freeze, liquid, melt, solid, temperature"
4,2,1,Animal Intelligence (Science) ,Express Ideas,Analyze Characters,Make Connections,Kinds of Sentences,Write a Business Letter,,Trickster Tale,"adaptation, defend, predator, prey, trait, behavior, characteristic, response, strategy, survival","response, adaptation, trait, survival, defend, prey, predator, characteristic, behavior, strategy, action, difference, gift, problem, receive, solution, kindness, need, understand, value, want, improve, individual, neighborhood, offer, volunteer, benefit, duty, identify, impact, learn, amount, decrease, increase, supply, balance, control, interact, react, scarce, drought, ecosystem, food chain, level, river, competition, nature, negative, positive, resources, blossom, cycle, root, seed, soil, sprout, conditions, depend, growth, produce, city, desert, rainforest, vine, weed, diversity, environment, organism, protect, unique, advertisement, buyer, market, money, pay, seller, accomplish, cooperation, plenty, purpose, reward, agriculture, crop, farmer, field, harvest, plow, alternative, conservation, future, method, sustain, form, freeze, liquid, melt, solid, temperature, thermometer, alter"
4,2,2,Animal Intelligence (Science) ,Engage in Conversation,Main Idea and Details,Make Connections,Compound Sentences,TV Talk Show,,Science Article,"command, imitate, memory, pattern, skill, tool, ability, communication, inherit, language, learn","ability, communication, tool, memory, imitate, inherit, language, pattern, skill, command, learn, action, difference, gift, problem, receive, solution, kindness, need, understand, value, want, improve, individual, neighborhood, offer, volunteer, benefit, duty, identify, impact, amount, behavior, decrease, increase, supply, balance, control, interact, react, scarce, drought, ecosystem, food chain, level, river, competition, nature, negative, positive, resources, blossom, cycle, root, seed, soil, sprout, characteristic, conditions, depend, growth, produce, city, desert, rainforest, vine, weed, diversity, environment, organism, protect, unique, advertisement, buyer, market, money, pay, seller, accomplish, cooperation, plenty, purpose, reward, agriculture, crop, farmer, field, harvest, plow, alternative, conservation, future, method, sustain, form, freeze, liquid, melt, solid, temperature"
4,3,1,Amazing Places (Social Studies) ,Give and Follow Directions,Theme,Visualize,Plural Nouns,Write a Research Report,,"Fictional Tale, Free Verse","continent, country, equator, globe, hemisphere, inhabitant, map, border, imagine, range, suggest, transport","hemisphere, inhabitant, equator, imagine, border, range, transport, map, suggest, continent, globe, country, action, difference, gift, problem, receive, solution, kindness, need, understand, value, want, improve, individual, neighborhood, offer, volunteer, benefit, duty, identify, impact, learn, amount, behavior, decrease, increase, supply, balance, control, interact, react, scarce, drought, ecosystem, food chain, level, river, competition, nature, negative, positive, resources, blossom, cycle, root, seed, soil, sprout, characteristic, conditions, depend, growth, produce, city, desert, rainforest, vine, weed, diversity, environment, organism, protect, unique, advertisement, buyer, market, money, pay, seller, accomplish, cooperation, plenty, purpose, reward, agriculture, crop, farmer, field, harvest, plow, alternative, conservation, future, method, sustain, form, freeze, liquid, melt"
4,3,2,Amazing Places (Social Studies) ,Describe Places,Main Idea and Details,Visualize,More Plural Nouns,Oral Report,,"Social Studies Article, Profile","canyon, elevation, landform, ocean, plain, plateau, valley, feature, locate, physical, region, surface","canyon, landform, plateau, feature, valley, locate, elevation, plain, physical, surface, ocean, region, action, difference, gift, problem, receive, solution, kindness, need, understand, value, want, improve, individual, neighborhood, offer, volunteer, benefit, duty, identify, impact, learn, amount, behavior, decrease, increase, supply, balance, control, interact, react, scarce, drought, ecosystem, food chain, level, river, competition, nature, negative, positive, resources, blossom, cycle, root, seed, soil, sprout, characteristic, conditions, depend, growth, produce, city, desert, rainforest, vine, weed, diversity, environment, organism, protect, unique, advertisement, buyer, market, money, pay, seller, accomplish, cooperation, plenty, purpose, reward, agriculture, crop, farmer, field, harvest, plow, alternative, conservation, future, method, sustain, form, freeze, liquid, melt"
4,4,1,Power of Nature (Science) ,Make Comparisons,Cause and Effect,Ask Questions,Present-Tense Action Verbs,Write a Tall Tale,,"Science Article, Persuasive Essay","convert, electricity, generate, power, renewable, scarce, available, conservation, current, flow, resource","available, electricity, resource, convert, flow, renewable, scarce, generate, conservation, current, power, action, difference, gift, problem, receive, solution, kindness, need, understand, value, want, improve, individual, neighborhood, offer, volunteer, benefit, duty, identify, impact, learn, amount, behavior, decrease, increase, supply, balance, control, interact, react, drought, ecosystem, food chain, level, river, competition, nature, negative, positive, resources, blossom, cycle, root, seed, soil, sprout, characteristic, conditions, depend, growth, produce, city, desert, rainforest, vine, weed, diversity, environment, organism, protect, unique, advertisement, buyer, market, money, pay, seller, accomplish, cooperation, plenty, purpose, reward, agriculture, crop, farmer, field, harvest, plow, alternative, future, method, sustain, form, freeze, liquid, melt, solid, temperature, thermometer"
4,4,2,Power of Nature (Science) ,Express Needs and Wants,Problem and Solution,Ask Questions,"Forms of the verb ""be"" , Forms of the verb ""have""",Writing Instructions,,"Tall Tale, Lyrical Poetry","atmosphere, element, landscape, material, natural, benefit, force, interact, modify, relate","natural, relate, element, material, modify, atmosphere, landscape, interact, benefit, force, action, difference, gift, problem, receive, solution, kindness, need, understand, value, want, improve, individual, neighborhood, offer, volunteer, duty, identify, impact, learn, amount, behavior, decrease, increase, supply, balance, control, react, scarce, drought, ecosystem, food chain, level, river, competition, nature, negative, positive, resources, blossom, cycle, root, seed, soil, sprout, characteristic, conditions, depend, growth, produce, city, desert, rainforest, vine, weed, diversity, environment, organism, protect, unique, advertisement, buyer, market, money, pay, seller, accomplish, cooperation, plenty, purpose, reward, agriculture, crop, farmer, field, harvest, plow, alternative, conservation, future, method, sustain, form, freeze, liquid, melt, solid, temperature, thermometer, alter"
4,5,1,Invaders! (Science) ,Retell a Story,Plot,Make Inferences,Adjectives,News Report,,"Science Fiction, Science Experiment","decompose, experiment, humid, mold, spore, contain, control, environment, investigate, spread","humid, spore, spread, decompose, contain, mold, experiment, investigate, control, environment, action, difference, gift, problem, receive, solution, kindness, need, understand, value, want, improve, individual, neighborhood, offer, volunteer, benefit, duty, identify, impact, learn, amount, behavior, decrease, increase, supply, balance, interact, react, scarce, drought, ecosystem, food chain, level, river, competition, nature, negative, positive, resources, blossom, cycle, root, seed, soil, sprout, characteristic, conditions, depend, growth, produce, city, desert, rainforest, vine, weed, diversity, organism, protect, unique, advertisement, buyer, market, money, pay, seller, accomplish, cooperation, plenty, purpose, reward, agriculture, crop, farmer, field, harvest, plow, alternative, conservation, future, method, sustain, form, freeze, liquid, melt, solid, temperature, thermometer, alter"
4,5,2,Invaders! (Science) ,Define and Explain,Problem and Solution,Make Inferences,Possessive Nouns and Adjectives,Write a Persuasive Essay,,"Science Text, Journal","habitat, invade, population, species, threatened, balance, competition, introduce, migration, native","invade, introduce, threatened, migration, species, population, habitat, native, competition, balance, action, difference, gift, problem, receive, solution, kindness, need, understand, value, want, improve, individual, neighborhood, offer, volunteer, benefit, duty, identify, impact, learn, amount, behavior, decrease, increase, supply, control, interact, react, scarce, drought, ecosystem, food chain, level, river, nature, negative, positive, resources, blossom, cycle, root, seed, soil, sprout, characteristic, conditions, depend, growth, produce, city, desert, rainforest, vine, weed, diversity, environment, organism, protect, unique, advertisement, buyer, market, money, pay, seller, accomplish, cooperation, plenty, purpose, reward, agriculture, crop, farmer, field, harvest, plow, alternative, conservation, future, method, sustain, form, freeze, liquid, melt, solid, temperature, thermometer, alter"
4,6,1,Treasure Hunters (Social Studies) ,Express Intentions,Characters,Summarize,Pronoun Agreement,Narrative Presentation,,"Play, Instructions","adventure, coastal, compass, navigation, port, treasure, chart, discovery, exploration, interpret, legend","exploration, coastal, discovery, interpret, treasure, port, chart, adventure, compass, legend, navigation, action, difference, gift, problem, receive, solution, kindness, need, understand, value, want, improve, individual, neighborhood, offer, volunteer, benefit, duty, identify, impact, learn, amount, behavior, decrease, increase, supply, balance, control, interact, react, scarce, drought, ecosystem, food chain, level, river, competition, nature, negative, positive, resources, blossom, cycle, root, seed, soil, sprout, characteristic, conditions, depend, growth, produce, city, desert, rainforest, vine, weed, diversity, environment, organism, protect, unique, advertisement, buyer, market, money, pay, seller, accomplish, cooperation, plenty, purpose, reward, agriculture, crop, farmer, field, harvest, plow, alternative, conservation, future, method, sustain, form, freeze, liquid, melt, solid"
4,6,2,Treasure Hunters (Social Studies) ,Restate an Idea,Sequence,Identify the Main Idea and Details,Possessive Pronouns,Write Historical Fiction,,"History Article, Online Article","archaeologist, artifact, currency, galleon, merchant, colony, examine, preserve, route, trade","examine, galleon, trade, currency, archaeologist, preserve, merchant, colony, artifact, route, action, difference, gift, problem, receive, solution, kindness, need, understand, value, want, improve, individual, neighborhood, offer, volunteer, benefit, duty, identify, impact, learn, amount, behavior, decrease, increase, supply, balance, control, interact, react, scarce, drought, ecosystem, food chain, level, river, competition, nature, negative, positive, resources, blossom, cycle, root, seed, soil, sprout, characteristic, conditions, depend, growth, produce, city, desert, rainforest, vine, weed, diversity, environment, organism, protect, unique, advertisement, buyer, market, money, pay, seller, accomplish, cooperation, plenty, purpose, reward, agriculture, crop, farmer, field, harvest, plow, alternative, conservation, future, method, sustain, form, freeze, liquid, melt, solid, temperature"
4,7,1,Moving Through Space (Science) ,Ask and Answer Questions,Compare and Contrast,Draw Conclusions,Adverbs,Informational Presentation,,"Math Article, Science Report","accelerate, height, measure, motion, speed, average, distance, rate, scale, solve","average, solve, accelerate, height, rate, speed, scale, measure, motion, distance, action, difference, gift, problem, receive, solution, kindness, need, understand, value, want, improve, individual, neighborhood, offer, volunteer, benefit, duty, identify, impact, learn, amount, behavior, decrease, increase, supply, balance, control, interact, react, scarce, drought, ecosystem, food chain, level, river, competition, nature, negative, positive, resources, blossom, cycle, root, seed, soil, sprout, characteristic, conditions, depend, growth, produce, city, desert, rainforest, vine, weed, diversity, environment, organism, protect, unique, advertisement, buyer, market, money, pay, seller, accomplish, cooperation, plenty, purpose, reward, agriculture, crop, farmer, field, harvest, plow, alternative, conservation, future, method, sustain, form, freeze, liquid, melt, solid, temperature"
4,7,2,Moving Through Space (Science) ,Clarify,Plot,Form Generalizations,Prepositional Phrases,Write a personal narrative essay,,"Realistic Fiction, Biography","astronaut, launch, orbit, planet, rotation, capacity, constant limit resistance technology","technology, orbit, capacity, rotation, launch, planet, limit, astronaut, resistance, constant, action, difference, gift, problem, receive, solution, kindness, need, understand, value, want, improve, individual, neighborhood, offer, volunteer, benefit, duty, identify, impact, learn, amount, behavior, decrease, increase, supply, balance, control, interact, react, scarce, drought, ecosystem, food chain, level, river, competition, nature, negative, positive, resources, blossom, cycle, root, seed, soil, sprout, characteristic, conditions, depend, growth, produce, city, desert, rainforest, vine, weed, diversity, environment, organism, protect, unique, advertisement, buyer, market, money, pay, seller, accomplish, cooperation, plenty, purpose, reward, agriculture, crop, farmer, field, harvest, plow, alternative, conservation, future, method, sustain, form, freeze, liquid, melt, solid, temperature"
4,8,1,Saving a Piece of the World (Social Studies) ,Express Opinions,Goal and Outcome,Review,Past Tense,Persuasive Presentation,,"Historical Fiction, Report",heritage hero president protect volunteer mission motive responsible service value,"motive, mission, responsible, hero, president, service, value, heritage, protect, volunteer, action, difference, gift, problem, receive, solution, kindness, need, understand, want, improve, individual, neighborhood, offer, benefit, duty, identify, impact, learn, amount, behavior, decrease, increase, supply, balance, control, interact, react, scarce, drought, ecosystem, food chain, level, river, competition, nature, negative, positive, resources, blossom, cycle, root, seed, soil, sprout, characteristic, conditions, depend, growth, produce, city, desert, rainforest, vine, weed, diversity, environment, organism, unique, advertisement, buyer, market, money, pay, seller, accomplish, cooperation, plenty, purpose, reward, agriculture, crop, farmer, field, harvest, plow, alternative, conservation, future, method, sustain, form, freeze, liquid, melt, solid, temperature, thermometer, alter, occur"
4,8,2,Saving a Piece of the World (Social Studies) ,Justify,Fact and Opinion,Review,Future Tense,Write a Literary Response,,"Historical Fiction, Historical Narrative",ancient civilization empire object record site courage official principle project risk,"project, official, ancient, courage, object, site, principle, record, civilization, risk, empire, action, difference, gift, problem, receive, solution, kindness, need, understand, value, want, improve, individual, neighborhood, offer, volunteer, benefit, duty, identify, impact, learn, amount, behavior, decrease, increase, supply, balance, control, interact, react, scarce, drought, ecosystem, food chain, level, river, competition, nature, negative, positive, resources, blossom, cycle, root, seed, soil, sprout, characteristic, conditions, depend, growth, produce, city, desert, rainforest, vine, weed, diversity, environment, organism, protect, unique, advertisement, buyer, market, money, pay, seller, accomplish, cooperation, plenty, purpose, reward, agriculture, crop, farmer, field, harvest, plow, alternative, conservation, future, method, sustain, form, freeze, liquid, melt, solid"
5,1,1,Crossing Between Cultures (Social Studies) ,Ask for and Give Information,Character Development,Preview and Predict,Complete Sentences,Write a Personal Narrative essay,,"Diary, Oral History","country, culture, education, employment, immigration, opportunity, refuge, symbol, transition, translate","education, employment, symbol, refuge, immigration, translate, transition, opportunity, country, culture, action, difference, gift, problem, receive, solution, kindness, need, understand, value, want, improve, individual, neighborhood, offer, volunteer, benefit, duty, identify, impact, learn, amount, behavior, decrease, increase, supply, balance, control, interact, react, scarce, drought, ecosystem, food chain, level, river, competition, nature, negative, positive, resources, blossom, cycle, root, seed, soil, sprout, characteristic, conditions, depend, growth, produce, city, desert, rainforest, vine, weed, diversity, environment, organism, protect, unique, advertisement, buyer, market, money, pay, seller, accomplish, cooperation, plenty, purpose, reward, agriculture, crop, farmer, field, harvest, plow, alternative, conservation, future, method, sustain, form, freeze, liquid, melt, solid, temperature"
5,1,2,Crossing Between Cultures (Social Studies) ,Ask and Answer Questions,Compare and Contrast,Monitor and Clarify,Compound Subjects,Interview,,"Biography, Blog","citizenship, custom, ethnic, foreign, origin, adapt, challenge, diversity, identity, society","citizenship, society, foreign, adapt, identity, origin, ethnic, diversity, custom, challenge, action, difference, gift, problem, receive, solution, kindness, need, understand, value, want, improve, individual, neighborhood, offer, volunteer, benefit, duty, identify, impact, learn, amount, behavior, decrease, increase, supply, balance, control, interact, react, scarce, drought, ecosystem, food chain, level, river, competition, nature, negative, positive, resources, blossom, cycle, root, seed, soil, sprout, characteristic, conditions, depend, growth, produce, city, desert, rainforest, vine, weed, environment, organism, protect, unique, advertisement, buyer, market, money, pay, seller, accomplish, cooperation, plenty, purpose, reward, agriculture, crop, farmer, field, harvest, plow, alternative, conservation, future, method, sustain, form, freeze, liquid, melt, solid, temperature, thermometer"
5,2,1,Catching the Light (Science) ,Give and Carry Out Commands,Character,Ask Questions,Kinds of Sentences,Write a Myth,,"Myth, Origin Myth","absorb, heat, reflect, thermal, transmit, assume, event, explanation, power, theory","event, reflect, absorb, thermal, theory, assume, heat, explanation, transmit, power, action, difference, gift, problem, receive, solution, kindness, need, understand, value, want, improve, individual, neighborhood, offer, volunteer, benefit, duty, identify, impact, learn, amount, behavior, decrease, increase, supply, balance, control, interact, react, scarce, drought, ecosystem, food chain, level, river, competition, nature, negative, positive, resources, blossom, cycle, root, seed, soil, sprout, characteristic, conditions, depend, growth, produce, city, desert, rainforest, vine, weed, diversity, environment, organism, protect, unique, advertisement, buyer, market, money, pay, seller, accomplish, cooperation, plenty, purpose, reward, agriculture, crop, farmer, field, harvest, plow, alternative, conservation, future, method, sustain, form, freeze, liquid, melt, solid, temperature"
5,2,2,Catching the Light (Science) ,Verify,Goal and Outcome,Ask Questions,Compound and Complex Sentences,Instructions,,"Blog, How-To Article","circuit, conduct, current, electrical, insulate, solar, volt, watt, alternate, decrease, energy, obstacle, rely","solar, alternate, conduct, energy, rely, obstacle, watt, circuit, volt, electrical, insulate, current, decrease, action, difference, gift, problem, receive, solution, kindness, need, understand, value, want, improve, individual, neighborhood, offer, volunteer, benefit, duty, identify, impact, learn, amount, behavior, increase, supply, balance, control, interact, react, scarce, drought, ecosystem, food chain, level, river, competition, nature, negative, positive, resources, blossom, cycle, root, seed, soil, sprout, characteristic, conditions, depend, growth, produce, city, desert, rainforest, vine, weed, diversity, environment, organism, protect, unique, advertisement, buyer, market, money, pay, seller, accomplish, cooperation, plenty, purpose, reward, agriculture, crop, farmer, field, harvest, plow, alternative, conservation, future, method, sustain, form, freeze, liquid, melt"
5,3,1,Natures Webs (Science) ,Tell an Original Story,Plot,Determine Importance,Plural Nouns,Write an Interview,,"Realistic Fiction, Expository Nonfiction","carnivore, consumer, food chain, herbivore, omnivore, producer, cooperate, essential, partnership, store, transfer","cooperate, store, herbivore, omnivore, transfer, producer, consumer, essential, partnership, carnivore, chain, food, action, difference, gift, problem, receive, solution, kindness, need, understand, value, want, improve, individual, neighborhood, offer, volunteer, benefit, duty, identify, impact, learn, amount, behavior, decrease, increase, supply, balance, control, interact, react, scarce, drought, ecosystem, food chain, level, river, competition, nature, negative, positive, resources, blossom, cycle, root, seed, soil, sprout, characteristic, conditions, depend, growth, produce, city, desert, rainforest, vine, weed, diversity, environment, organism, protect, unique, advertisement, buyer, market, money, pay, seller, accomplish, cooperation, plenty, purpose, reward, agriculture, crop, farmer, field, harvest, plow, alternative, conservation, future, method, sustain, form, freeze, liquid, melt"
5,3,2,Natures Webs (Science) ,Engage in Conversation,Main Idea and Details,Determine Importance,More Plural Nouns,Panel Discussion,,"Interview, Science Article","chlorophyll, magnify, microscope, nutrients, photosynthesis, classify, investigate, observe, propose, specialize","specialize, magnify, photosynthesis, classify, observe, chlorophyll, nutrients, microscope, propose, investigate, action, difference, gift, problem, receive, solution, kindness, need, understand, value, want, improve, individual, neighborhood, offer, volunteer, benefit, duty, identify, impact, learn, amount, behavior, decrease, increase, supply, balance, control, interact, react, scarce, drought, ecosystem, food chain, level, river, competition, nature, negative, positive, resources, blossom, cycle, root, seed, soil, sprout, characteristic, conditions, depend, growth, produce, city, desert, rainforest, vine, weed, diversity, environment, organism, protect, unique, advertisement, buyer, market, money, pay, seller, accomplish, cooperation, plenty, purpose, reward, agriculture, crop, farmer, field, harvest, plow, alternative, conservation, future, method, sustain, form, freeze, liquid, melt, solid, temperature"
5,4,1,Justice (Social Studies) ,Justify,Theme,Make Inferences,Present Tense Action Verbs,Write a Research Report,,"Tale, History Article","abolish, emancipation, escape, law, plantation, slavery, distinguish, equality, freedom, risk, route","freedom, abolish, equality, slavery, distinguish, plantation, law, escape, emancipation, route, risk, action, difference, gift, problem, receive, solution, kindness, need, understand, value, want, improve, individual, neighborhood, offer, volunteer, benefit, duty, identify, impact, learn, amount, behavior, decrease, increase, supply, balance, control, interact, react, scarce, drought, ecosystem, food chain, level, river, competition, nature, negative, positive, resources, blossom, cycle, root, seed, soil, sprout, characteristic, conditions, depend, growth, produce, city, desert, rainforest, vine, weed, diversity, environment, organism, protect, unique, advertisement, buyer, market, money, pay, seller, accomplish, cooperation, plenty, purpose, reward, agriculture, crop, farmer, field, harvest, plow, alternative, conservation, future, method, sustain, form, freeze, liquid, melt, solid"
5,4,2,Justice (Social Studies) ,Negotiate,Sequence,Make Inferences,Forms of Be and Have,Give an oral narrative presentation,,"Biography, Social Studies Article","conditions, demands, labor, nonviolence, protest, strike, barriers, conflict, demonstrate, oppose, require","barriers, demands, conflict, protest, oppose, require, labor, strike, nonviolence, demonstrate, conditions, action, difference, gift, problem, receive, solution, kindness, need, understand, value, want, improve, individual, neighborhood, offer, volunteer, benefit, duty, identify, impact, learn, amount, behavior, decrease, increase, supply, balance, control, interact, react, scarce, drought, ecosystem, food chain, level, river, competition, nature, negative, positive, resources, blossom, cycle, root, seed, soil, sprout, characteristic, depend, growth, produce, city, desert, rainforest, vine, weed, diversity, environment, organism, protect, unique, advertisement, buyer, market, money, pay, seller, accomplish, cooperation, plenty, purpose, reward, agriculture, crop, farmer, field, harvest, plow, alternative, conservation, future, method, sustain, form, freeze, liquid, melt, solid, temperature"
5,5,1,Every Drop (Science) ,Define and Explain,Main Idea and Details,Make Connections,Adjectives,Science Panel Discussion,,"Science Feature, Science Article","atmosphere, condensation, evaporation, fresh water, precipitation, runoff, water cycle, watershed","water, precipitation, evaporation, condensation, runoff, fresh, watershed, atmosphere, cycle, action, difference, gift, problem, receive, solution, kindness, need, understand, value, want, improve, individual, neighborhood, offer, volunteer, benefit, duty, identify, impact, learn, amount, behavior, decrease, increase, supply, balance, control, interact, react, scarce, drought, ecosystem, food chain, level, river, competition, nature, negative, positive, resources, blossom, root, seed, soil, sprout, characteristic, conditions, depend, growth, produce, city, desert, rainforest, vine, weed, diversity, environment, organism, protect, unique, advertisement, buyer, market, money, pay, seller, accomplish, cooperation, plenty, purpose, reward, agriculture, crop, farmer, field, harvest, plow, alternative, conservation, future, method, sustain, form, freeze, liquid, melt, solid, temperature, thermometer, alter"
5,5,2,Every Drop (Science) ,Clarify,Character,Make Connections,Possessive Nouns and Adjectives,Write a Magazine Article,,"Realistic Fiction, Legend","aquifer, canal, channel, climate, course, gourd, region","channel, course, aquifer, gourd, canal, climate, region, action, difference, gift, problem, receive, solution, kindness, need, understand, value, want, improve, individual, neighborhood, offer, volunteer, benefit, duty, identify, impact, learn, amount, behavior, decrease, increase, supply, balance, control, interact, react, scarce, drought, ecosystem, food chain, level, river, competition, nature, negative, positive, resources, blossom, cycle, root, seed, soil, sprout, characteristic, conditions, depend, growth, produce, city, desert, rainforest, vine, weed, diversity, environment, organism, protect, unique, advertisement, buyer, market, money, pay, seller, accomplish, cooperation, plenty, purpose, reward, agriculture, crop, farmer, field, harvest, plow, alternative, conservation, future, method, sustain, form, freeze, liquid, melt, solid, temperature, thermometer, alter, occur"
5,6,1,The Wild West (Social Studies) ,Describe Experiences,Cause and Effect,Visualize,Pronoun Agreement,Give an Oral Report,,"History Article, Essay","construction, gold rush, ranching, reservation, settler","reservation, ranching, rush, gold, settler, construction, action, difference, gift, problem, receive, solution, kindness, need, understand, value, want, improve, individual, neighborhood, offer, volunteer, benefit, duty, identify, impact, learn, amount, behavior, decrease, increase, supply, balance, control, interact, react, scarce, drought, ecosystem, food chain, level, river, competition, nature, negative, positive, resources, blossom, cycle, root, seed, soil, sprout, characteristic, conditions, depend, growth, produce, city, desert, rainforest, vine, weed, diversity, environment, organism, protect, unique, advertisement, buyer, market, money, pay, seller, accomplish, cooperation, plenty, purpose, reward, agriculture, crop, farmer, field, harvest, plow, alternative, conservation, future, method, sustain, form, freeze, liquid, melt, solid, temperature, thermometer, alter, occur, state"
5,6,2,The Wild West (Social Studies) ,Express Opinions,Cause and Effect,Visualize,Different Kinds of Pronouns,Write a Narrative Poem,,"Play, Narrative Poem","boomtown, claim, ghost town, investor, limited resources, mining","town, investor, claim, ghost, mining, limited, boomtown, resources, action, difference, gift, problem, receive, solution, kindness, need, understand, value, want, improve, individual, neighborhood, offer, volunteer, benefit, duty, identify, impact, learn, amount, behavior, decrease, increase, supply, balance, control, interact, react, scarce, drought, ecosystem, food chain, level, river, competition, nature, negative, positive, blossom, cycle, root, seed, soil, sprout, characteristic, conditions, depend, growth, produce, city, desert, rainforest, vine, weed, diversity, environment, organism, protect, unique, advertisement, buyer, market, money, pay, seller, accomplish, cooperation, plenty, purpose, reward, agriculture, crop, farmer, field, harvest, plow, alternative, conservation, future, method, sustain, form, freeze, liquid, melt, solid, temperature, thermometer, alter, occur"
5,7,1,Talking About Trash (Science) ,Persuade,Author's Viewpoint,Synthesize,Adverbs,Persuasive Presentation,,"Persuasive Article, Essay","plastic, pollution, recycle, reduce, renewable, reuse","reuse, plastic, reduce, recycle, pollution, renewable, action, difference, gift, problem, receive, solution, kindness, need, understand, value, want, improve, individual, neighborhood, offer, volunteer, benefit, duty, identify, impact, learn, amount, behavior, decrease, increase, supply, balance, control, interact, react, scarce, drought, ecosystem, food chain, level, river, competition, nature, negative, positive, resources, blossom, cycle, root, seed, soil, sprout, characteristic, conditions, depend, growth, produce, city, desert, rainforest, vine, weed, diversity, environment, organism, protect, unique, advertisement, buyer, market, money, pay, seller, accomplish, cooperation, plenty, purpose, reward, agriculture, crop, farmer, field, harvest, plow, alternative, conservation, future, method, sustain, form, freeze, liquid, melt, solid, temperature, thermometer, alter, occur, state"
5,7,2,Talking About Trash (Science) ,Make Comparisons,Goal and Outcome,Synthesize,Prepositional Phrases,Write a Persuasive Essay,,"Short Story, Poem","biodegradable, dispose, generate, landfill, transform","dispose, landfill, biodegradable, transform, generate, action, difference, gift, problem, receive, solution, kindness, need, understand, value, want, improve, individual, neighborhood, offer, volunteer, benefit, duty, identify, impact, learn, amount, behavior, decrease, increase, supply, balance, control, interact, react, scarce, drought, ecosystem, food chain, level, river, competition, nature, negative, positive, resources, blossom, cycle, root, seed, soil, sprout, characteristic, conditions, depend, growth, produce, city, desert, rainforest, vine, weed, diversity, environment, organism, protect, unique, advertisement, buyer, market, money, pay, seller, accomplish, cooperation, plenty, purpose, reward, agriculture, crop, farmer, field, harvest, plow, alternative, conservation, future, method, sustain, form, freeze, liquid, melt, solid, temperature, thermometer, alter, occur, state, substance"
5,8,1,One Idea (Social Studies) ,Express Ideas,Steps in a Process,Review,Past Tense Verbs,Informational Presentation,,"Procedural Text, Newspaper Article","business, earnings, expenses, goods, income, profit, services","business, earnings, expenses, profit, services, income, goods, action, difference, gift, problem, receive, solution, kindness, need, understand, value, want, improve, individual, neighborhood, offer, volunteer, benefit, duty, identify, impact, learn, amount, behavior, decrease, increase, supply, balance, control, interact, react, scarce, drought, ecosystem, food chain, level, river, competition, nature, negative, positive, resources, blossom, cycle, root, seed, soil, sprout, characteristic, conditions, depend, growth, produce, city, desert, rainforest, vine, weed, diversity, environment, organism, protect, unique, advertisement, buyer, market, money, pay, seller, accomplish, cooperation, plenty, purpose, reward, agriculture, crop, farmer, field, harvest, plow, alternative, conservation, future, method, sustain, form, freeze, liquid, melt, solid, temperature, thermometer, alter, occur"
5,8,2,One Idea (Social Studies) ,Restate an Idea,Elements of Fiction,Review,Future Tense,Write a Procedure,,"Fiction, Magazine Article","borrow, credit, debt, entrepreneur, loan","loan, debt, borrow, credit, entrepreneur, action, difference, gift, problem, receive, solution, kindness, need, understand, value, want, improve, individual, neighborhood, offer, volunteer, benefit, duty, identify, impact, learn, amount, behavior, decrease, increase, supply, balance, control, interact, react, scarce, drought, ecosystem, food chain, level, river, competition, nature, negative, positive, resources, blossom, cycle, root, seed, soil, sprout, characteristic, conditions, depend, growth, produce, city, desert, rainforest, vine, weed, diversity, environment, organism, protect, unique, advertisement, buyer, market, money, pay, seller, accomplish, cooperation, plenty, purpose, reward, agriculture, crop, farmer, field, harvest, plow, alternative, conservation, future, method, sustain, form, freeze, liquid, melt, solid, temperature, thermometer, alter, occur, state, substance"
6,1,1,The Power of Choice (Social Studies) ,Give Information,Main Idea,Preview and Predict,Complete Sentences,Narrative Presentation,,"Biography, Speech","capable, encounter, figure out, reputation, resistance, assumption, diverge, exclude, optional, potential","exclude, diverge, capable, potential, out, encounter, assumption, reputation, optional, figure, resistance, action, difference, gift, problem, receive, solution, kindness, need, understand, value, want, improve, individual, neighborhood, offer, volunteer, benefit, duty, identify, impact, learn, amount, behavior, decrease, increase, supply, balance, control, interact, react, scarce, drought, ecosystem, food chain, level, river, competition, nature, negative, positive, resources, blossom, cycle, root, seed, soil, sprout, characteristic, conditions, depend, growth, produce, city, desert, rainforest, vine, weed, diversity, environment, organism, protect, unique, advertisement, buyer, market, money, pay, seller, accomplish, cooperation, plenty, purpose, reward, agriculture, crop, farmer, field, harvest, plow, alternative, conservation, future, method, sustain, form, freeze, liquid, melt, solid"
6,1,2,The Power of Choice (Social Studies) ,Ask and Answer Questions,Characters and Plot,Monitor,Subject-Verb Agreement,Write a Personal Narrative,,"Realistic Fiction, Biography","associate, confront, preservation, sensitive, tolerance, awareness, conform, intent, interaction, involve","involve, intent, associate, confront, conform, tolerance, sensitive, awareness, interaction, preservation, action, difference, gift, problem, receive, solution, kindness, need, understand, value, want, improve, individual, neighborhood, offer, volunteer, benefit, duty, identify, impact, learn, amount, behavior, decrease, increase, supply, balance, control, interact, react, scarce, drought, ecosystem, food chain, level, river, competition, nature, negative, positive, resources, blossom, cycle, root, seed, soil, sprout, characteristic, conditions, depend, growth, produce, city, desert, rainforest, vine, weed, diversity, environment, organism, protect, unique, advertisement, buyer, market, money, pay, seller, accomplish, cooperation, plenty, purpose, reward, agriculture, crop, farmer, field, harvest, plow, alternative, conservation, future, method, sustain, form, freeze, liquid, melt, solid, temperature"
6,2,1,Survival (Science) ,Describe,Main Idea and Details,Visualize,Subject and Object Pronouns,Informational Presentation,,"Science Article, Science Feature","camouflage, deception, duplicate, mimic, parasite, variation, asset, convince, emerge, ensure, resemblance","parasite, asset, deception, convince, variation, resemblance, emerge, duplicate, camouflage, mimic, ensure, action, difference, gift, problem, receive, solution, kindness, need, understand, value, want, improve, individual, neighborhood, offer, volunteer, benefit, duty, identify, impact, learn, amount, behavior, decrease, increase, supply, balance, control, interact, react, scarce, drought, ecosystem, food chain, level, river, competition, nature, negative, positive, resources, blossom, cycle, root, seed, soil, sprout, characteristic, conditions, depend, growth, produce, city, desert, rainforest, vine, weed, diversity, environment, organism, protect, unique, advertisement, buyer, market, money, pay, seller, accomplish, cooperation, plenty, purpose, reward, agriculture, crop, farmer, field, harvest, plow, alternative, conservation, future, method, sustain, form, freeze, liquid, melt, solid"
6,2,2,Survival (Science) ,Elaborate,Character,Visualize,Possessive Adjectives and Pronouns,Write an Expository Report,,"Adventure Story, Personal Narrative","exhaust, necessity, overcome, reliance, resourceful, concentrate, intense, motivation, resilience, resolve","overcome, intense, motivation, exhaust, necessity, concentrate, resilience, reliance, resolve, resourceful, action, difference, gift, problem, receive, solution, kindness, need, understand, value, want, improve, individual, neighborhood, offer, volunteer, benefit, duty, identify, impact, learn, amount, behavior, decrease, increase, supply, balance, control, interact, react, scarce, drought, ecosystem, food chain, level, river, competition, nature, negative, positive, resources, blossom, cycle, root, seed, soil, sprout, characteristic, conditions, depend, growth, produce, city, desert, rainforest, vine, weed, diversity, environment, organism, protect, unique, advertisement, buyer, market, money, pay, seller, accomplish, cooperation, plenty, purpose, reward, agriculture, crop, farmer, field, harvest, plow, alternative, conservation, future, method, sustain, form, freeze, liquid, melt, solid, temperature"
6,3,1,Digging Up the Past (Social Studies) ,Define and Explain,Chronological Order,Ask Questions,Progressive Tenses,Panel Discussion,,Magazine Article,"archaeological, artifact, chronological, civilization, dynasty, pharaoh, tomb, analytical, depict, powerful","archaeological, depict, tomb, powerful, analytical, chronological, pharaoh, dynasty, artifact, civilization, action, difference, gift, problem, receive, solution, kindness, need, understand, value, want, improve, individual, neighborhood, offer, volunteer, benefit, duty, identify, impact, learn, amount, behavior, decrease, increase, supply, balance, control, interact, react, scarce, drought, ecosystem, food chain, level, river, competition, nature, negative, positive, resources, blossom, cycle, root, seed, soil, sprout, characteristic, conditions, depend, growth, produce, city, desert, rainforest, vine, weed, diversity, environment, organism, protect, unique, advertisement, buyer, market, money, pay, seller, accomplish, cooperation, plenty, purpose, reward, agriculture, crop, farmer, field, harvest, plow, alternative, conservation, future, method, sustain, form, freeze, liquid, melt, solid, temperature"
6,3,2,Digging Up the Past (Social Studies) ,Engage in Discussion,Plot,Ask Questions,Modals,Write a Research Report,,"Diary, Historical Fiction","chamber, command, hieroglyphics, peer, plunder, procession, consider, contribute, impact, perspective","hieroglyphics, procession, contribute, consider, perspective, chamber, peer, plunder, command, impact, action, difference, gift, problem, receive, solution, kindness, need, understand, value, want, improve, individual, neighborhood, offer, volunteer, benefit, duty, identify, learn, amount, behavior, decrease, increase, supply, balance, control, interact, react, scarce, drought, ecosystem, food chain, level, river, competition, nature, negative, positive, resources, blossom, cycle, root, seed, soil, sprout, characteristic, conditions, depend, growth, produce, city, desert, rainforest, vine, weed, diversity, environment, organism, protect, unique, advertisement, buyer, market, money, pay, seller, accomplish, cooperation, plenty, purpose, reward, agriculture, crop, farmer, field, harvest, plow, alternative, conservation, future, method, sustain, form, freeze, liquid, melt, solid, temperature, thermometer"
6,4,1,Our Diverse Earth (Science) ,Make an Argument,Author's Viewpoint,Make Connections,Adjectives and Adverbs,Persuasive Presentation,,"Environmental Report, Online Article","dependent, endangered, extinct, policy, recover, thrive, appeal, effective factor protection sustain","protection, dependent, policy, endangered, effective, appeal, recover, thrive, extinct, factor, sustain, action, difference, gift, problem, receive, solution, kindness, need, understand, value, want, improve, individual, neighborhood, offer, volunteer, benefit, duty, identify, impact, learn, amount, behavior, decrease, increase, supply, balance, control, interact, react, scarce, drought, ecosystem, food chain, level, river, competition, nature, negative, positive, resources, blossom, cycle, root, seed, soil, sprout, characteristic, conditions, depend, growth, produce, city, desert, rainforest, vine, weed, diversity, environment, organism, protect, unique, advertisement, buyer, market, money, pay, seller, accomplish, cooperation, plenty, purpose, reward, agriculture, crop, farmer, field, harvest, plow, alternative, conservation, future, method, form, freeze, liquid, melt, solid, temperature"
6,4,2,Our Diverse Earth (Science) ,Use Appropriate Language,Character's Viewpoints,Make Connections,Participial Phrases,Write an Argument,,"Realistic Fiction, Essay","deforestation, ecological, landscape, management, regulate, advocate, intervene, obligation, participate, utilize","advocate, intervene, ecological, utilize, regulate, obligation, management, participate, deforestation, landscape, action, difference, gift, problem, receive, solution, kindness, need, understand, value, want, improve, individual, neighborhood, offer, volunteer, benefit, duty, identify, impact, learn, amount, behavior, decrease, increase, supply, balance, control, interact, react, scarce, drought, ecosystem, food chain, level, river, competition, nature, negative, positive, resources, blossom, cycle, root, seed, soil, sprout, characteristic, conditions, depend, growth, produce, city, desert, rainforest, vine, weed, diversity, environment, organism, protect, unique, advertisement, buyer, market, money, pay, seller, accomplish, cooperation, plenty, purpose, reward, agriculture, crop, farmer, field, harvest, plow, alternative, conservation, future, method, sustain, form, freeze, liquid, melt, solid, temperature"
6,5,1,A Time to Act (Social Studies) ,Ask for and Give Information,Relate Ideas,Determine Importance,Verb Tenses,News Report,,"History Article, Memoir","boycott demonstration discrimination integrate prejudice separate, endeavor, implement, inherent, position, react","demonstration, endeavor, discrimination, implement, position, separate, inherent, integrate, prejudice, boycott, react, action, difference, gift, problem, receive, solution, kindness, need, understand, value, want, improve, individual, neighborhood, offer, volunteer, benefit, duty, identify, impact, learn, amount, behavior, decrease, increase, supply, balance, control, interact, scarce, drought, ecosystem, food chain, level, river, competition, nature, negative, positive, resources, blossom, cycle, root, seed, soil, sprout, characteristic, conditions, depend, growth, produce, city, desert, rainforest, vine, weed, diversity, environment, organism, protect, unique, advertisement, buyer, market, money, pay, seller, accomplish, cooperation, plenty, purpose, reward, agriculture, crop, farmer, field, harvest, plow, alternative, conservation, future, method, sustain, form, freeze, liquid, melt, solid, temperature"
6,5,2,A Time to Act (Social Studies) ,Express and Support Opinions,Theme,Summarize,Perfect Tense Verbs,Write an Argument,,"Biographical Fiction, Historical Fiction","declaration, defensively, humanity, indignation, innocence, authority, commitment, intention, presume, reinforce","humanity, intention, declaration, reinforce, innocence, defensively, presume, indignation, authority, commitment, action, difference, gift, problem, receive, solution, kindness, need, understand, value, want, improve, individual, neighborhood, offer, volunteer, benefit, duty, identify, impact, learn, amount, behavior, decrease, increase, supply, balance, control, interact, react, scarce, drought, ecosystem, food chain, level, river, competition, nature, negative, positive, resources, blossom, cycle, root, seed, soil, sprout, characteristic, conditions, depend, growth, produce, city, desert, rainforest, vine, weed, diversity, environment, organism, protect, unique, advertisement, buyer, market, money, pay, seller, accomplish, cooperation, plenty, purpose, reward, agriculture, crop, farmer, field, harvest, plow, alternative, conservation, future, method, sustain, form, freeze, liquid, melt, solid, temperature"
6,6,1,Food for Thought (Science) ,Paraphrase,Plot and Characters,Make Inferences,Pronouns,Persuasive Presentation,,"Realistic Fiction, Interview","donate, equip, inspiration, nutritious, practical, welfare, devote, envision, eventually, incentive, supplement","devote, nutritious, incentive, practical, inspiration, donate, supplement, eventually, equip, envision, welfare, action, difference, gift, problem, receive, solution, kindness, need, understand, value, want, improve, individual, neighborhood, offer, volunteer, benefit, duty, identify, impact, learn, amount, behavior, decrease, increase, supply, balance, control, interact, react, scarce, drought, ecosystem, food chain, level, river, competition, nature, negative, positive, resources, blossom, cycle, root, seed, soil, sprout, characteristic, conditions, depend, growth, produce, city, desert, rainforest, vine, weed, diversity, environment, organism, protect, unique, advertisement, buyer, market, money, pay, seller, accomplish, cooperation, plenty, purpose, reward, agriculture, crop, farmer, field, harvest, plow, alternative, conservation, future, method, sustain, form, freeze, liquid, melt, solid"
6,6,2,Food for Thought (Science) ,Persuade,Argument,Make Inferences,Different Kinds of Pronouns,Write an Editorial,,Persuasive Article,"controversy, crucial, eliminate, innovate, modified, gene, global, organic, poverty, production, virus","global, virus, controversy, organic, production, gene, modified, eliminate, innovate, crucial, poverty, action, difference, gift, problem, receive, solution, kindness, need, understand, value, want, improve, individual, neighborhood, offer, volunteer, benefit, duty, identify, impact, learn, amount, behavior, decrease, increase, supply, balance, control, interact, react, scarce, drought, ecosystem, food chain, level, river, competition, nature, negative, positive, resources, blossom, cycle, root, seed, soil, sprout, characteristic, conditions, depend, growth, produce, city, desert, rainforest, vine, weed, diversity, environment, organism, protect, unique, advertisement, buyer, market, money, pay, seller, accomplish, cooperation, plenty, purpose, reward, agriculture, crop, farmer, field, harvest, plow, alternative, conservation, future, method, sustain, form, freeze, liquid, melt, solid"
6,7,1,Ancient China (Social Studies) ,Interpret Images,Relate Ideas,Draw Conclusions,Pronouns,Oral Report,,History Article,"ancestor, conquest, empire, infrastructure, revolt, aspect, assemble, domain, foundation, unify","revolt, foundation, conquest, aspect, assemble, unify, domain, infrastructure, ancestor, empire, action, difference, gift, problem, receive, solution, kindness, need, understand, value, want, improve, individual, neighborhood, offer, volunteer, benefit, duty, identify, impact, learn, amount, behavior, decrease, increase, supply, balance, control, interact, react, scarce, drought, ecosystem, food chain, level, river, competition, nature, negative, positive, resources, blossom, cycle, root, seed, soil, sprout, characteristic, conditions, depend, growth, produce, city, desert, rainforest, vine, weed, diversity, environment, organism, protect, unique, advertisement, buyer, market, money, pay, seller, accomplish, cooperation, plenty, purpose, reward, agriculture, crop, farmer, field, harvest, plow, alternative, conservation, future, method, sustain, form, freeze, liquid, melt, solid, temperature"
6,7,2,Ancient China (Social Studies) ,Summarize,Elements of Fiction,Form Generalizations,Prepositional Phrases,Write a Narrative,,"Fantasy Story, Drama","despair, invasion, legendary, precious, subordinate, expertise, inquiry, integrity, pose, promote","subordinate, invasion, promote, precious, despair, pose, integrity, legendary, expertise, inquiry, action, difference, gift, problem, receive, solution, kindness, need, understand, value, want, improve, individual, neighborhood, offer, volunteer, benefit, duty, identify, impact, learn, amount, behavior, decrease, increase, supply, balance, control, interact, react, scarce, drought, ecosystem, food chain, level, river, competition, nature, negative, positive, resources, blossom, cycle, root, seed, soil, sprout, characteristic, conditions, depend, growth, produce, city, desert, rainforest, vine, weed, diversity, environment, organism, protect, unique, advertisement, buyer, market, money, pay, seller, accomplish, cooperation, plenty, purpose, reward, agriculture, crop, farmer, field, harvest, plow, alternative, conservation, future, method, sustain, form, freeze, liquid, melt, solid, temperature"
6,8,1,Earth and Beyond (Science) ,Clarify and Verify,Compare and Contrast,Choose Reading Strategies,Compound and Complex Sentences,Science News Report,,Science Article,"composition, crater, erode, geologic, survey, terrain, analogy, distinct, simulate, structural, transform","geologic, survey, erode, distinct, simulate, terrain, analogy, structural, crater, transform, composition, action, difference, gift, problem, receive, solution, kindness, need, understand, value, want, improve, individual, neighborhood, offer, volunteer, benefit, duty, identify, impact, learn, amount, behavior, decrease, increase, supply, balance, control, interact, react, scarce, drought, ecosystem, food chain, level, river, competition, nature, negative, positive, resources, blossom, cycle, root, seed, soil, sprout, characteristic, conditions, depend, growth, produce, city, desert, rainforest, vine, weed, diversity, environment, organism, protect, unique, advertisement, buyer, market, money, pay, seller, accomplish, cooperation, plenty, purpose, reward, agriculture, crop, farmer, field, harvest, plow, alternative, conservation, future, method, sustain, form, freeze, liquid, melt, solid"
6,8,2,Earth and Beyond (Science) ,Make Comparisons,Word Choice,Use Reading Strategies,Combine Sentences,Write Science Fiction,,"Science Fiction, Science Article","cavern, formation, navigation, passage, subterranean, circumstance, constant, estimate, perceive, undertake","circumstance, passage, undertake, subterranean, perceive, formation, cavern, estimate, navigation, constant, action, difference, gift, problem, receive, solution, kindness, need, understand, value, want, improve, individual, neighborhood, offer, volunteer, benefit, duty, identify, impact, learn, amount, behavior, decrease, increase, supply, balance, control, interact, react, scarce, drought, ecosystem, food chain, level, river, competition, nature, negative, positive, resources, blossom, cycle, root, seed, soil, sprout, characteristic, conditions, depend, growth, produce, city, desert, rainforest, vine, weed, diversity, environment, organism, protect, unique, advertisement, buyer, market, money, pay, seller, accomplish, cooperation, plenty, purpose, reward, agriculture, crop, farmer, field, harvest, plow, alternative, conservation, future, method, sustain, form, freeze, liquid, melt, solid, temperature"